{
  "SUPABASE_URL": "https://zicicwugtppslyxrheyd.supabase.co",
  "SUPABASE_ANON_KEY": "eyJhbGciOiJIUzI1NiIsInR5cCI6IkpXVCJ9.eyJpc3MiOiJzdXBhYmFzZSIsInJlZiI6InppY2ljd3VndHBwc2x5eHJoZXlkIiwicm9sZSI6ImFub24iLCJpYXQiOjE3NjMyNjk2ODIsImV4cCI6MjA3ODg0NTY4Mn0.HY4Qqw3R2nB9M13G8lUdUMz1jyZPQYys0mWm2qPBbLs",
  "OPENAI_API_KEY": "your-openai-api-key-here",
  "GEMINI_API_KEY": "your-gemini-api-key-here",
  "ANTHROPIC_API_KEY": "your-anthropic-api-key-here",
  "PERPLEXITY_API_KEY": "your-perplexity-api-key-here",
  "GOOGLE_WEB_CLIENT_ID": "your_google_web_client_id",
  "STRIPE_PUBLISHABLE_KEY": "pk_test_51STyJhGzVz4O2ICE5PwKYj2QriWuVDAnb2od6IpLI9nzqBlZ4MDlBiRxHqt4BPZ4XmXFe28O8v3wqoK9PAAOiCrL00RF9a5DPw"
}